{"cameraMode":{"drawMode":0,"name":"Shaded","section":"Shading Mode"},"sceneLighting":false,"audioPlay":false,"sceneViewState":{"showFog":false,"showMaterialUpdate":false,"showSkybox":false,"showFlares":false,"showImageEffects":false,"showParticleSystems":false},"in2DMode":false,"pivot":{"x":3.7314391136169435,"y":5.700911045074463,"z":0.8424453735351563},"rotation":{"x":-0.07050684839487076,"y":0.08310911804437638,"z":-0.005875180475413799,"w":-0.9940394163131714},"size":16.958812713623048,"orthographic":false}